{"search":"","showTags":false,"showAttachments":false,"hideUnresolved":false,"showOrphans":true,"showArrow":false,"textFadeMultiplier":0.2,"nodeSizeMultiplier":1.19040234089247,"lineSizeMultiplier":2.05498171177762,"centerStrength":0.232333577176298,"repelStrength":13.0182882223848,"linkStrength":0.697878566203365,"linkDistance":168,"scale":0.18480627237533004}