{"search":"-#Person -#Book -#Article","showTags":false,"showAttachments":false,"hideUnresolved":false,"showOrphans":false,"showArrow":false,"textFadeMultiplier":0,"nodeSizeMultiplier":1.30940746159473,"lineSizeMultiplier":1.92378931967813,"centerStrength":0.182297000731529,"repelStrength":16.1755669348939,"linkStrength":0.619019751280176,"linkDistance":181,"scale":0.13316076233815863}