{"search":"","showTags":false,"showAttachments":false,"hideUnresolved":false,"showOrphans":true,"showArrow":false,"textFadeMultiplier":0,"nodeSizeMultiplier":1.30940746159473,"lineSizeMultiplier":1.92378931967813,"centerStrength":0.218873445501097,"repelStrength":14.6481346013168,"linkStrength":0.669056327724945,"linkDistance":255,"scale":0.17805721573785083}