{"search":"","showTags":false,"showAttachments":false,"hideUnresolved":true,"showOrphans":true,"showArrow":false,"textFadeMultiplier":-0.3,"nodeSizeMultiplier":1.14046746558384,"lineSizeMultiplier":1.53840744775676,"centerStrength":0.486481133009805,"repelStrength":10.2168961077548,"linkStrength":0.903733782311578,"linkDistance":237,"scale":1.3637133183605545}