{"search":"","showTags":false,"showAttachments":false,"hideUnresolved":true,"showOrphans":true,"showArrow":false,"textFadeMultiplier":0,"nodeSizeMultiplier":1.30940746159473,"lineSizeMultiplier":1.92378931967813,"centerStrength":0.360007923145489,"repelStrength":13.1999603842726,"linkStrength":0.792710706150342,"linkDistance":242,"scale":1.584894579954659}