{"search":"","showTags":false,"showAttachments":false,"hideUnresolved":false,"showOrphans":true,"showArrow":false,"textFadeMultiplier":0,"nodeSizeMultiplier":1.34166788588149,"lineSizeMultiplier":1.69653255303584,"centerStrength":0.18814923189466,"repelStrength":10.1331382589612,"linkStrength":0.68646671543526,"linkDistance":261,"scale":0.10214249244530181}